Timestamp,Source_IP,Destination_IP,Query_Volume,TTL_Value,Transaction_ID_Entropy,IF_Anomaly_Score,IF_Anomaly
2024-06-01 00:00:00,192.168.57.12,8.8.4.4,361,86400,0.625,1,False
2024-06-01 00:01:00,192.168.140.125,8.8.8.8,16,3600,0.97,1,False
2024-06-01 00:02:00,192.168.114.71,8.8.4.4,221,86400,0.839,1,False
2024-06-01 00:03:00,192.168.52.44,8.8.4.4,483,60,0.759,1,False
2024-06-01 00:04:00,192.168.216.16,8.8.8.8,335,60,0.494,1,False
2024-06-01 00:05:00,192.168.15.47,8.8.4.4,85,600,0.494,1,False
2024-06-01 00:06:00,192.168.111.119,8.8.4.4,311,30,0.435,1,False
2024-06-01 00:07:00,192.168.13.101,8.8.4.4,456,3600,0.92,1,False
2024-06-01 00:08:00,192.168.214.112,8.8.4.4,223,3600,0.761,1,False
2024-06-01 00:09:00,192.168.229.142,8.8.4.4,81,1800,0.825,1,False
2024-06-01 00:10:00,192.168.3.81,8.8.8.8,28,3600,0.412,1,False
2024-06-01 00:11:00,192.168.216.174,8.8.4.4,52,60,0.982,1,False
2024-06-01 00:12:00,192.168.142.79,8.8.4.4,170,30,0.899,1,False
2024-06-01 00:13:00,192.168.110.172,8.8.4.4,106,300,0.527,1,False
2024-06-01 00:14:00,192.168.52.47,8.8.4.4,499,86400,0.509,-1,True
2024-06-01 00:15:00,192.168.194.49,8.8.4.4,98,300,0.51,1,False
2024-06-01 00:16:00,192.168.183.176,8.8.4.4,210,7200,0.583,1,False
2024-06-01 00:17:00,192.168.135.22,8.8.8.8,357,60,0.715,1,False
2024-06-01 00:18:00,192.168.235.63,8.8.8.8,284,1800,0.659,1,False
2024-06-01 00:19:00,192.168.193.40,8.8.4.4,370,600,0.575,1,False
2024-06-01 00:20:00,192.168.150.185,8.8.4.4,474,600,0.767,1,False
2024-06-01 00:21:00,192.168.98.35,8.8.8.8,374,60,0.484,1,False
2024-06-01 00:22:00,192.168.23.116,8.8.4.4,277,7200,0.575,1,False
2024-06-01 00:23:00,192.168.148.40,8.8.4.4,136,600,0.62,1,False
2024-06-01 00:24:00,192.168.119.51,8.8.8.8,339,86400,0.674,1,False
2024-06-01 00:25:00,192.168.194.142,8.8.8.8,145,600,0.871,1,False
2024-06-01 00:26:00,192.168.232.186,8.8.8.8,153,3600,0.52,1,False
2024-06-01 00:27:00,192.168.83.189,8.8.4.4,122,60,0.709,1,False
2024-06-01 00:28:00,192.168.181.107,8.8.4.4,50,7200,0.755,1,False
2024-06-01 00:29:00,192.168.136.36,8.8.8.8,26,30,0.428,1,False
2024-06-01 00:30:00,192.168.87.125,8.8.4.4,202,60,0.765,1,False
2024-06-01 00:31:00,192.168.83.236,8.8.8.8,293,86400,0.502,1,False
2024-06-01 00:32:00,192.168.194.138,8.8.4.4,282,86400,0.439,1,False
2024-06-01 00:33:00,192.168.112.166,8.8.4.4,431,300,0.969,1,False
2024-06-01 00:34:00,192.168.28.117,8.8.8.8,252,86400,0.979,1,False
2024-06-01 00:35:00,192.168.16.161,8.8.8.8,79,30,0.885,1,False
2024-06-01 00:36:00,192.168.205.137,8.8.8.8,28,30,0.583,1,False
2024-06-01 00:37:00,192.168.33.108,8.8.8.8,185,7200,0.459,1,False
2024-06-01 00:38:00,192.168.161.108,8.8.8.8,2,86400,0.811,-1,True
2024-06-01 00:39:00,192.168.255.202,8.8.8.8,219,300,0.664,1,False
2024-06-01 00:40:00,192.168.234.73,8.8.4.4,45,300,0.473,1,False
2024-06-01 00:41:00,192.168.135.71,8.8.4.4,151,300,0.697,1,False
2024-06-01 00:42:00,192.168.126.134,8.8.4.4,422,60,0.421,1,False
2024-06-01 00:43:00,192.168.219.204,8.8.4.4,339,7200,0.946,1,False
2024-06-01 00:44:00,192.168.185.112,8.8.4.4,321,3600,0.555,1,False
2024-06-01 00:45:00,192.168.70.252,8.8.8.8,308,7200,0.798,1,False
2024-06-01 00:46:00,192.168.46.24,8.8.4.4,246,7200,0.587,1,False
2024-06-01 00:47:00,192.168.56.78,8.8.4.4,103,600,0.712,1,False
2024-06-01 00:48:00,192.168.81.216,8.8.8.8,50,1800,0.728,1,False
2024-06-01 00:49:00,192.168.32.197,8.8.4.4,14,7200,0.511,1,False
2024-06-01 00:50:00,192.168.195.239,8.8.8.8,106,3600,0.982,1,False
2024-06-01 00:51:00,192.168.128.5,8.8.8.8,88,1800,0.865,1,False
2024-06-01 00:52:00,192.168.58.136,8.8.8.8,327,86400,0.964,1,False
2024-06-01 00:53:00,192.168.174.57,8.8.4.4,150,300,0.937,1,False
2024-06-01 00:54:00,192.168.150.222,8.8.4.4,42,300,0.759,1,False
2024-06-01 00:55:00,192.168.80.232,8.8.4.4,243,7200,0.953,1,False
2024-06-01 00:56:00,192.168.1.134,8.8.4.4,433,1800,0.453,1,False
2024-06-01 00:57:00,192.168.91.54,8.8.8.8,60,3600,0.518,1,False
2024-06-01 00:58:00,192.168.152.101,8.8.8.8,158,600,0.427,1,False
2024-06-01 00:59:00,192.168.78.191,8.8.4.4,402,600,0.595,1,False
2024-06-01 01:00:00,192.168.82.0,8.8.8.8,204,600,0.633,1,False
2024-06-01 01:01:00,192.168.165.250,8.8.8.8,242,1800,0.563,1,False
2024-06-01 01:02:00,192.168.9.57,8.8.8.8,251,3600,0.897,1,False
2024-06-01 01:03:00,192.168.185.157,8.8.4.4,459,300,0.614,1,False
2024-06-01 01:04:00,192.168.122.29,8.8.4.4,339,300,0.569,1,False
2024-06-01 01:05:00,192.168.123.40,8.8.4.4,136,3600,0.726,1,False
2024-06-01 01:06:00,192.168.43.248,8.8.8.8,47,60,0.485,1,False
2024-06-01 01:07:00,192.168.35.64,8.8.4.4,329,3600,0.881,1,False
2024-06-01 01:08:00,192.168.65.243,8.8.8.8,279,86400,0.445,1,False
2024-06-01 01:09:00,192.168.84.135,8.8.8.8,199,7200,0.992,1,False
2024-06-01 01:10:00,192.168.216.108,8.8.4.4,95,1800,0.863,1,False
2024-06-01 01:11:00,192.168.102.159,8.8.8.8,190,7200,0.519,1,False
2024-06-01 01:12:00,192.168.204.191,8.8.4.4,454,30,0.403,1,False
2024-06-01 01:13:00,192.168.224.231,8.8.8.8,196,60,0.889,1,False
2024-06-01 01:14:00,192.168.61.126,8.8.8.8,190,30,0.824,1,False
2024-06-01 01:15:00,192.168.115.32,8.8.4.4,96,7200,0.837,1,False
2024-06-01 01:16:00,192.168.173.10,8.8.8.8,229,300,0.863,1,False
2024-06-01 01:17:00,192.168.117.112,8.8.4.4,23,30,0.444,1,False
2024-06-01 01:18:00,192.168.3.36,8.8.4.4,135,30,0.615,1,False
2024-06-01 01:19:00,192.168.30.117,8.8.8.8,226,600,0.47,1,False
2024-06-01 01:20:00,192.168.34.16,8.8.4.4,239,1800,0.918,1,False
2024-06-01 01:21:00,192.168.169.36,8.8.8.8,135,300,0.774,1,False
2024-06-01 01:22:00,192.168.121.142,8.8.8.8,116,1800,0.599,1,False
2024-06-01 01:23:00,192.168.248.109,8.8.8.8,429,1800,0.438,1,False
2024-06-01 01:24:00,192.168.67.242,8.8.8.8,138,300,0.587,1,False
2024-06-01 01:25:00,192.168.124.242,8.8.8.8,289,30,0.595,1,False
2024-06-01 01:26:00,192.168.208.97,8.8.4.4,32,1800,0.838,1,False
2024-06-01 01:27:00,192.168.48.49,8.8.8.8,78,600,0.783,1,False
2024-06-01 01:28:00,192.168.220.181,8.8.4.4,386,30,0.932,1,False
2024-06-01 01:29:00,192.168.216.210,8.8.4.4,357,3600,0.683,1,False
2024-06-01 01:30:00,192.168.239.27,8.8.4.4,342,86400,0.472,1,False
2024-06-01 01:31:00,192.168.50.31,8.8.8.8,50,60,0.828,1,False
2024-06-01 01:32:00,192.168.206.173,8.8.4.4,44,600,0.856,1,False
2024-06-01 01:33:00,192.168.55.127,8.8.4.4,343,7200,0.737,1,False
2024-06-01 01:34:00,192.168.98.97,8.8.4.4,177,600,0.863,1,False
2024-06-01 01:35:00,192.168.229.71,8.8.4.4,414,1800,0.696,1,False
2024-06-01 01:36:00,192.168.216.93,8.8.4.4,278,30,0.714,1,False
2024-06-01 01:37:00,192.168.142.236,8.8.8.8,212,7200,0.657,1,False
2024-06-01 01:38:00,192.168.127.38,8.8.8.8,498,7200,0.415,1,False
2024-06-01 01:39:00,192.168.226.50,8.8.8.8,388,7200,0.465,1,False
2024-06-01 01:40:00,192.168.25.7,8.8.8.8,302,3600,0.419,1,False
2024-06-01 01:41:00,192.168.47.121,8.8.4.4,117,30,0.782,1,False
2024-06-01 01:42:00,192.168.85.208,8.8.8.8,284,30,0.589,1,False
2024-06-01 01:43:00,192.168.248.246,8.8.4.4,32,1800,0.705,1,False
2024-06-01 01:44:00,192.168.109.205,8.8.4.4,431,600,0.945,1,False
2024-06-01 01:45:00,192.168.30.84,8.8.8.8,199,86400,0.55,1,False
2024-06-01 01:46:00,192.168.194.1,8.8.8.8,420,600,0.646,1,False
2024-06-01 01:47:00,192.168.199.135,8.8.4.4,268,3600,0.853,1,False
2024-06-01 01:48:00,192.168.232.146,8.8.8.8,215,600,0.537,1,False
2024-06-01 01:49:00,192.168.216.249,8.8.8.8,495,600,0.446,1,False
2024-06-01 01:50:00,192.168.79.97,8.8.4.4,275,1800,0.574,1,False
2024-06-01 01:51:00,192.168.151.111,8.8.8.8,352,86400,0.497,1,False
2024-06-01 01:52:00,192.168.29.31,8.8.4.4,444,300,0.958,1,False
2024-06-01 01:53:00,192.168.160.29,8.8.8.8,480,60,0.885,1,False
2024-06-01 01:54:00,192.168.25.244,8.8.8.8,244,300,0.78,1,False
2024-06-01 01:55:00,192.168.80.29,8.8.4.4,294,300,0.923,1,False
2024-06-01 01:56:00,192.168.41.95,8.8.8.8,452,60,0.882,1,False
2024-06-01 01:57:00,192.168.35.34,8.8.4.4,121,7200,0.512,1,False
2024-06-01 01:58:00,192.168.120.206,8.8.4.4,244,30,0.936,1,False
2024-06-01 01:59:00,192.168.61.126,8.8.8.8,154,7200,0.724,1,False
2024-06-01 02:00:00,192.168.20.41,8.8.4.4,41,1800,0.884,1,False
2024-06-01 02:01:00,192.168.214.161,8.8.8.8,203,1800,0.938,1,False
2024-06-01 02:02:00,192.168.133.104,8.8.4.4,463,300,0.591,1,False
2024-06-01 02:03:00,192.168.160.122,8.8.4.4,438,300,0.466,1,False
2024-06-01 02:04:00,192.168.135.202,8.8.8.8,366,1800,0.537,1,False
2024-06-01 02:05:00,192.168.67.153,8.8.4.4,18,30,0.656,1,False
2024-06-01 02:06:00,192.168.234.161,8.8.8.8,258,3600,0.891,1,False
2024-06-01 02:07:00,192.168.37.4,8.8.4.4,293,86400,0.916,1,False
2024-06-01 02:08:00,192.168.234.51,8.8.8.8,462,300,0.404,1,False
2024-06-01 02:09:00,192.168.37.109,8.8.8.8,265,30,0.706,1,False
2024-06-01 02:10:00,192.168.135.67,8.8.4.4,410,300,0.65,1,False
2024-06-01 02:11:00,192.168.178.35,8.8.4.4,293,3600,0.533,1,False
2024-06-01 02:12:00,192.168.125.189,8.8.4.4,347,30,0.472,1,False
2024-06-01 02:13:00,192.168.145.80,8.8.4.4,318,1800,0.603,1,False
2024-06-01 02:14:00,192.168.224.154,8.8.8.8,76,86400,0.966,1,False
2024-06-01 02:15:00,192.168.4.153,8.8.8.8,62,3600,0.594,1,False
2024-06-01 02:16:00,192.168.53.68,8.8.4.4,487,60,0.711,1,False
2024-06-01 02:17:00,192.168.135.59,8.8.8.8,388,3600,0.822,1,False
2024-06-01 02:18:00,192.168.54.79,8.8.8.8,230,600,0.618,1,False
2024-06-01 02:19:00,192.168.139.144,8.8.4.4,89,300,0.983,1,False
2024-06-01 02:20:00,192.168.107.175,8.8.8.8,486,60,0.977,1,False
2024-06-01 02:21:00,192.168.104.135,8.8.8.8,86,300,0.551,1,False
2024-06-01 02:22:00,192.168.250.128,8.8.8.8,498,7200,0.698,1,False
2024-06-01 02:23:00,192.168.26.47,8.8.8.8,109,7200,0.581,1,False
2024-06-01 02:24:00,192.168.216.141,8.8.4.4,414,60,0.571,1,False
2024-06-01 02:25:00,192.168.22.1,8.8.8.8,99,3600,0.422,1,False
2024-06-01 02:26:00,192.168.170.66,8.8.8.8,65,600,0.766,1,False
2024-06-01 02:27:00,192.168.134.82,8.8.8.8,22,600,0.702,1,False
2024-06-01 02:28:00,192.168.226.218,8.8.4.4,217,3600,0.431,1,False
2024-06-01 02:29:00,192.168.4.57,8.8.8.8,41,3600,0.567,1,False
2024-06-01 02:30:00,192.168.38.76,8.8.8.8,350,3600,0.945,1,False
2024-06-01 02:31:00,192.168.18.189,8.8.4.4,223,1800,0.544,1,False
2024-06-01 02:32:00,192.168.75.220,8.8.8.8,104,600,0.487,1,False
2024-06-01 02:33:00,192.168.65.21,8.8.8.8,422,86400,0.694,1,False
2024-06-01 02:34:00,192.168.157.186,8.8.4.4,322,30,0.991,1,False
2024-06-01 02:35:00,192.168.20.183,8.8.8.8,76,60,0.545,1,False
2024-06-01 02:36:00,192.168.107.127,8.8.4.4,428,3600,0.803,1,False
2024-06-01 02:37:00,192.168.52.181,8.8.4.4,305,86400,0.857,1,False
2024-06-01 02:38:00,192.168.208.79,8.8.4.4,133,600,0.543,1,False
2024-06-01 02:39:00,192.168.121.83,8.8.8.8,164,600,0.837,1,False
2024-06-01 02:40:00,192.168.90.211,8.8.8.8,467,30,0.621,1,False
2024-06-01 02:41:00,192.168.12.91,8.8.8.8,373,3600,0.779,1,False
2024-06-01 02:42:00,192.168.170.210,8.8.4.4,469,7200,0.78,1,False
2024-06-01 02:43:00,192.168.127.136,8.8.8.8,414,60,0.721,1,False
2024-06-01 02:44:00,192.168.81.55,8.8.8.8,35,7200,0.454,1,False
2024-06-01 02:45:00,192.168.195.19,8.8.8.8,45,1800,0.901,1,False
2024-06-01 02:46:00,192.168.240.113,8.8.8.8,199,1800,0.592,1,False
2024-06-01 02:47:00,192.168.102.235,8.8.8.8,285,30,0.512,1,False
2024-06-01 02:48:00,192.168.179.156,8.8.4.4,204,3600,0.424,1,False
2024-06-01 02:49:00,192.168.116.114,8.8.8.8,283,86400,0.755,1,False
2024-06-01 02:50:00,192.168.12.98,8.8.8.8,167,86400,0.807,1,False
2024-06-01 02:51:00,192.168.204.168,8.8.8.8,439,30,0.41,1,False
2024-06-01 02:52:00,192.168.142.35,8.8.4.4,142,1800,0.707,1,False
2024-06-01 02:53:00,192.168.142.179,8.8.8.8,267,600,0.536,1,False
2024-06-01 02:54:00,192.168.204.169,8.8.4.4,235,3600,0.787,1,False
2024-06-01 02:55:00,192.168.14.59,8.8.4.4,470,60,0.505,1,False
2024-06-01 02:56:00,192.168.133.91,8.8.4.4,448,60,0.815,1,False
2024-06-01 02:57:00,192.168.135.19,8.8.4.4,7,300,0.632,1,False
2024-06-01 02:58:00,192.168.55.222,8.8.8.8,403,30,0.962,1,False
2024-06-01 02:59:00,192.168.176.160,8.8.8.8,359,60,0.483,1,False
2024-06-01 03:00:00,192.168.223.59,8.8.8.8,320,600,0.605,1,False
2024-06-01 03:01:00,192.168.197.97,8.8.8.8,301,600,0.468,1,False
2024-06-01 03:02:00,192.168.130.22,8.8.4.4,268,7200,0.955,1,False
2024-06-01 03:03:00,192.168.223.0,8.8.8.8,401,60,0.926,1,False
2024-06-01 03:04:00,192.168.100.186,8.8.8.8,215,600,0.555,1,False
2024-06-01 03:05:00,192.168.220.35,8.8.4.4,58,7200,0.796,1,False
2024-06-01 03:06:00,192.168.169.160,8.8.4.4,213,60,0.89,1,False
2024-06-01 03:07:00,192.168.63.153,8.8.8.8,77,300,0.733,1,False
2024-06-01 03:08:00,192.168.158.209,8.8.4.4,76,30,0.718,1,False
2024-06-01 03:09:00,192.168.167.206,8.8.4.4,291,86400,0.545,1,False
2024-06-01 03:10:00,192.168.151.65,8.8.8.8,302,3600,0.456,1,False
2024-06-01 03:11:00,192.168.98.215,8.8.4.4,299,30,0.938,1,False
2024-06-01 03:12:00,192.168.194.89,8.8.8.8,389,60,0.94,1,False
2024-06-01 03:13:00,192.168.154.207,8.8.4.4,494,60,0.78,1,False
2024-06-01 03:14:00,192.168.0.155,8.8.4.4,482,30,0.603,1,False
2024-06-01 03:15:00,192.168.146.107,8.8.4.4,52,300,0.61,1,False
2024-06-01 03:16:00,192.168.220.164,8.8.4.4,474,1800,0.836,1,False
2024-06-01 03:17:00,192.168.238.226,8.8.4.4,55,60,0.938,1,False
2024-06-01 03:18:00,192.168.226.109,8.8.8.8,289,600,0.932,1,False
2024-06-01 03:19:00,192.168.242.86,8.8.4.4,400,1800,0.868,1,False
2024-06-01 03:20:00,192.168.43.145,8.8.4.4,52,7200,0.785,1,False
2024-06-01 03:21:00,192.168.171.47,8.8.4.4,403,7200,0.45,1,False
2024-06-01 03:22:00,192.168.120.158,8.8.4.4,147,86400,0.497,1,False
2024-06-01 03:23:00,192.168.115.101,8.8.8.8,445,7200,0.939,1,False
2024-06-01 03:24:00,192.168.75.12,8.8.4.4,275,7200,0.764,1,False
2024-06-01 03:25:00,192.168.23.125,8.8.8.8,451,3600,0.406,1,False
2024-06-01 03:26:00,192.168.243.37,8.8.4.4,177,30,0.461,1,False
2024-06-01 03:27:00,192.168.233.212,8.8.4.4,450,7200,0.798,1,False
2024-06-01 03:28:00,192.168.99.196,8.8.4.4,211,60,0.403,1,False
2024-06-01 03:29:00,192.168.253.204,8.8.8.8,136,30,0.496,1,False
2024-06-01 03:30:00,192.168.124.75,8.8.8.8,197,60,0.729,1,False
2024-06-01 03:31:00,192.168.2.54,8.8.4.4,336,30,0.815,1,False
2024-06-01 03:32:00,192.168.217.112,8.8.4.4,249,60,0.791,1,False
2024-06-01 03:33:00,192.168.90.237,8.8.8.8,293,3600,0.535,1,False
2024-06-01 03:34:00,192.168.25.127,8.8.8.8,312,60,0.827,1,False
2024-06-01 03:35:00,192.168.62.233,8.8.8.8,243,1800,0.542,1,False
2024-06-01 03:36:00,192.168.68.237,8.8.8.8,20,1800,0.595,1,False
2024-06-01 03:37:00,192.168.162.226,8.8.4.4,89,60,0.848,1,False
2024-06-01 03:38:00,192.168.218.228,8.8.4.4,142,1800,0.79,1,False
2024-06-01 03:39:00,192.168.81.243,8.8.8.8,207,86400,0.91,1,False
2024-06-01 03:40:00,192.168.230.132,8.8.8.8,74,7200,0.795,1,False
2024-06-01 03:41:00,192.168.126.141,8.8.8.8,317,7200,0.741,1,False
2024-06-01 03:42:00,192.168.248.122,8.8.8.8,312,30,0.456,1,False
2024-06-01 03:43:00,192.168.140.225,8.8.4.4,349,86400,0.621,1,False
2024-06-01 03:44:00,192.168.39.146,8.8.8.8,356,300,0.559,1,False
2024-06-01 03:45:00,192.168.120.139,8.8.8.8,206,600,0.546,1,False
2024-06-01 03:46:00,192.168.171.163,8.8.4.4,20,300,0.984,1,False
2024-06-01 03:47:00,192.168.41.70,8.8.4.4,203,7200,0.636,1,False
2024-06-01 03:48:00,192.168.77.118,8.8.4.4,456,1800,0.935,1,False
2024-06-01 03:49:00,192.168.196.78,8.8.4.4,451,300,0.779,1,False
2024-06-01 03:50:00,192.168.109.32,8.8.4.4,170,1800,0.877,1,False
2024-06-01 03:51:00,192.168.212.208,8.8.4.4,354,3600,0.702,1,False
2024-06-01 03:52:00,192.168.169.238,8.8.4.4,122,30,0.746,1,False
2024-06-01 03:53:00,192.168.212.31,8.8.8.8,26,300,0.696,1,False
2024-06-01 03:54:00,192.168.105.215,8.8.4.4,382,60,0.517,1,False
2024-06-01 03:55:00,192.168.199.10,8.8.8.8,244,30,0.833,1,False
2024-06-01 03:56:00,192.168.194.244,8.8.8.8,472,30,0.568,1,False
2024-06-01 03:57:00,192.168.3.180,8.8.4.4,138,7200,0.415,1,False
2024-06-01 03:58:00,192.168.152.199,8.8.8.8,460,60,0.787,1,False
2024-06-01 03:59:00,192.168.214.112,8.8.4.4,191,1800,0.506,1,False
2024-06-01 04:00:00,192.168.249.112,8.8.4.4,11,600,0.964,1,False
2024-06-01 04:01:00,192.168.139.223,8.8.4.4,173,3600,0.972,1,False
2024-06-01 04:02:00,192.168.248.14,8.8.4.4,419,600,0.949,1,False
2024-06-01 04:03:00,192.168.199.172,8.8.8.8,407,7200,0.622,1,False
2024-06-01 04:04:00,192.168.207.84,8.8.4.4,156,300,0.409,1,False
2024-06-01 04:05:00,192.168.239.65,8.8.8.8,160,300,0.957,1,False
2024-06-01 04:06:00,192.168.13.201,8.8.4.4,144,300,0.657,1,False
2024-06-01 04:07:00,192.168.13.42,8.8.4.4,432,600,0.98,1,False
2024-06-01 04:08:00,192.168.219.69,8.8.8.8,252,1800,0.978,1,False
2024-06-01 04:09:00,192.168.236.93,8.8.8.8,440,600,0.912,1,False
2024-06-01 04:10:00,192.168.25.133,8.8.8.8,357,60,0.577,1,False
2024-06-01 04:11:00,192.168.194.167,8.8.4.4,351,300,0.631,1,False
2024-06-01 04:12:00,192.168.108.232,8.8.8.8,51,30,0.911,1,False
2024-06-01 04:13:00,192.168.167.172,8.8.8.8,498,86400,0.59,1,False
2024-06-01 04:14:00,192.168.194.142,8.8.4.4,445,60,0.502,1,False
2024-06-01 04:15:00,192.168.215.129,8.8.4.4,117,1800,0.734,1,False
2024-06-01 04:16:00,192.168.41.240,8.8.4.4,69,60,0.962,1,False
2024-06-01 04:17:00,192.168.9.26,8.8.4.4,154,1800,0.818,1,False
2024-06-01 04:18:00,192.168.179.114,8.8.8.8,499,60,0.742,1,False
2024-06-01 04:19:00,192.168.35.20,8.8.8.8,381,600,0.458,1,False
2024-06-01 04:20:00,192.168.15.126,8.8.8.8,227,86400,0.769,1,False
2024-06-01 04:21:00,192.168.102.10,8.8.8.8,397,3600,0.994,1,False
2024-06-01 04:22:00,192.168.78.122,8.8.4.4,423,3600,0.484,1,False
2024-06-01 04:23:00,192.168.64.242,8.8.4.4,165,300,0.711,1,False
2024-06-01 04:24:00,192.168.58.111,8.8.8.8,138,600,0.926,1,False
2024-06-01 04:25:00,192.168.238.131,8.8.4.4,374,60,0.844,1,False
2024-06-01 04:26:00,192.168.188.85,8.8.8.8,214,1800,0.818,1,False
2024-06-01 04:27:00,192.168.58.83,8.8.4.4,310,60,0.821,1,False
2024-06-01 04:28:00,192.168.159.55,8.8.8.8,331,600,0.616,1,False
2024-06-01 04:29:00,192.168.13.159,8.8.4.4,46,3600,0.576,1,False
2024-06-01 04:30:00,192.168.192.203,8.8.8.8,97,86400,0.886,1,False
2024-06-01 04:31:00,192.168.101.38,8.8.4.4,227,86400,0.886,1,False
2024-06-01 04:32:00,192.168.124.52,8.8.8.8,109,3600,0.92,1,False
2024-06-01 04:33:00,192.168.154.61,8.8.8.8,468,1800,0.948,1,False
2024-06-01 04:34:00,192.168.21.177,8.8.4.4,422,300,0.707,1,False
2024-06-01 04:35:00,192.168.219.189,8.8.8.8,209,3600,0.701,1,False
2024-06-01 04:36:00,192.168.35.174,8.8.8.8,380,3600,0.879,1,False
2024-06-01 04:37:00,192.168.6.215,8.8.4.4,249,7200,0.79,1,False
2024-06-01 04:38:00,192.168.250.54,8.8.8.8,389,300,0.821,1,False
2024-06-01 04:39:00,192.168.221.185,8.8.8.8,265,30,0.877,1,False
2024-06-01 04:40:00,192.168.235.78,8.8.8.8,445,3600,0.934,1,False
2024-06-01 04:41:00,192.168.222.90,8.8.4.4,192,600,0.603,1,False
2024-06-01 04:42:00,192.168.138.247,8.8.4.4,421,600,0.625,1,False
2024-06-01 04:43:00,192.168.238.223,8.8.4.4,29,7200,0.456,1,False
2024-06-01 04:44:00,192.168.137.165,8.8.4.4,264,1800,0.747,1,False
2024-06-01 04:45:00,192.168.125.44,8.8.4.4,406,3600,0.422,1,False
2024-06-01 04:46:00,192.168.142.230,8.8.4.4,82,300,0.679,1,False
2024-06-01 04:47:00,192.168.124.237,8.8.4.4,34,3600,0.726,1,False
2024-06-01 04:48:00,192.168.194.172,8.8.8.8,160,86400,0.572,1,False
2024-06-01 04:49:00,192.168.14.253,8.8.8.8,364,86400,0.754,1,False
2024-06-01 04:50:00,192.168.166.93,8.8.8.8,260,86400,0.418,1,False
2024-06-01 04:51:00,192.168.249.108,8.8.8.8,207,3600,0.422,1,False
2024-06-01 04:52:00,192.168.181.132,8.8.8.8,70,1800,0.894,1,False
2024-06-01 04:53:00,192.168.174.143,8.8.4.4,400,86400,0.616,1,False
2024-06-01 04:54:00,192.168.141.5,8.8.4.4,436,60,0.476,1,False
2024-06-01 04:55:00,192.168.97.43,8.8.8.8,269,300,0.713,1,False
2024-06-01 04:56:00,192.168.123.208,8.8.8.8,451,60,0.862,1,False
2024-06-01 04:57:00,192.168.250.123,8.8.8.8,292,1800,0.529,1,False
2024-06-01 04:58:00,192.168.243.251,8.8.8.8,15,300,0.774,1,False
2024-06-01 04:59:00,192.168.229.8,8.8.8.8,89,600,0.451,1,False
2024-06-01 05:00:00,192.168.47.150,8.8.4.4,99,1800,0.431,1,False
2024-06-01 05:01:00,192.168.113.207,8.8.4.4,449,60,0.719,1,False
2024-06-01 05:02:00,192.168.124.156,8.8.8.8,427,60,0.724,1,False
2024-06-01 05:03:00,192.168.188.242,8.8.4.4,103,30,0.782,1,False
2024-06-01 05:04:00,192.168.176.217,8.8.8.8,429,30,0.836,1,False
2024-06-01 05:05:00,192.168.169.180,8.8.8.8,30,7200,0.986,1,False
2024-06-01 05:06:00,192.168.232.138,8.8.8.8,128,600,0.71,1,False
2024-06-01 05:07:00,192.168.156.128,8.8.8.8,17,30,0.594,1,False
2024-06-01 05:08:00,192.168.118.61,8.8.8.8,234,1800,0.877,1,False
2024-06-01 05:09:00,192.168.98.161,8.8.4.4,26,86400,0.562,1,False
2024-06-01 05:10:00,192.168.61.94,8.8.8.8,471,300,0.663,1,False
2024-06-01 05:11:00,192.168.98.110,8.8.4.4,185,3600,0.447,1,False
2024-06-01 05:12:00,192.168.247.141,8.8.4.4,361,7200,0.415,1,False
2024-06-01 05:13:00,192.168.144.51,8.8.4.4,102,600,0.978,1,False
2024-06-01 05:14:00,192.168.99.151,8.8.8.8,141,1800,0.902,1,False
2024-06-01 05:15:00,192.168.116.184,8.8.8.8,189,300,0.818,1,False
2024-06-01 05:16:00,192.168.91.154,8.8.8.8,422,86400,0.645,1,False
2024-06-01 05:17:00,192.168.7.64,8.8.4.4,238,60,0.504,1,False
2024-06-01 05:18:00,192.168.140.23,8.8.4.4,259,7200,0.494,1,False
2024-06-01 05:19:00,192.168.27.149,8.8.4.4,204,3600,0.55,1,False
2024-06-01 05:20:00,192.168.64.251,8.8.8.8,326,30,0.73,1,False
2024-06-01 05:21:00,192.168.52.6,8.8.8.8,473,600,0.829,1,False
2024-06-01 05:22:00,192.168.145.240,8.8.4.4,64,300,0.796,1,False
2024-06-01 05:23:00,192.168.245.225,8.8.8.8,349,300,0.568,1,False
2024-06-01 05:24:00,192.168.174.94,8.8.4.4,16,86400,0.973,-1,True
2024-06-01 05:25:00,192.168.26.129,8.8.4.4,124,300,0.843,1,False
2024-06-01 05:26:00,192.168.244.58,8.8.8.8,191,300,0.733,1,False
2024-06-01 05:27:00,192.168.33.205,8.8.4.4,251,300,0.767,1,False
2024-06-01 05:28:00,192.168.251.37,8.8.8.8,305,86400,0.652,1,False
2024-06-01 05:29:00,192.168.27.77,8.8.8.8,229,3600,0.549,1,False
2024-06-01 05:30:00,192.168.76.155,8.8.4.4,91,30,0.614,1,False
2024-06-01 05:31:00,192.168.43.127,8.8.4.4,492,600,0.855,1,False
2024-06-01 05:32:00,192.168.60.213,8.8.8.8,446,86400,0.409,-1,True
2024-06-01 05:33:00,192.168.115.194,8.8.8.8,243,600,0.47,1,False
2024-06-01 05:34:00,192.168.230.226,8.8.4.4,301,60,0.428,1,False
2024-06-01 05:35:00,192.168.152.219,8.8.4.4,283,1800,0.424,1,False
2024-06-01 05:36:00,192.168.156.30,8.8.8.8,180,3600,0.913,1,False
2024-06-01 05:37:00,192.168.50.106,8.8.4.4,177,600,0.822,1,False
2024-06-01 05:38:00,192.168.108.135,8.8.4.4,84,30,0.685,1,False
2024-06-01 05:39:00,192.168.41.80,8.8.4.4,429,600,0.459,1,False
2024-06-01 05:40:00,192.168.122.88,8.8.8.8,458,3600,0.695,1,False
2024-06-01 05:41:00,192.168.38.80,8.8.4.4,133,7200,0.684,1,False
2024-06-01 05:42:00,192.168.1.209,8.8.4.4,384,86400,0.504,1,False
2024-06-01 05:43:00,192.168.230.240,8.8.4.4,426,86400,0.66,1,False
2024-06-01 05:44:00,192.168.149.16,8.8.8.8,353,30,0.639,1,False
2024-06-01 05:45:00,192.168.118.147,8.8.8.8,47,30,0.77,1,False
2024-06-01 05:46:00,192.168.144.232,8.8.8.8,146,3600,0.781,1,False
2024-06-01 05:47:00,192.168.36.119,8.8.8.8,15,60,0.427,1,False
2024-06-01 05:48:00,192.168.135.101,8.8.8.8,198,1800,0.625,1,False
2024-06-01 05:49:00,192.168.217.58,8.8.4.4,26,1800,0.776,1,False
2024-06-01 05:50:00,192.168.115.76,8.8.4.4,84,300,0.702,1,False
2024-06-01 05:51:00,192.168.136.72,8.8.4.4,438,7200,0.914,1,False
2024-06-01 05:52:00,192.168.36.30,8.8.8.8,293,7200,0.795,1,False
2024-06-01 05:53:00,192.168.84.157,8.8.8.8,400,3600,0.498,1,False
2024-06-01 05:54:00,192.168.147.224,8.8.4.4,495,60,0.442,1,False
2024-06-01 05:55:00,192.168.63.239,8.8.8.8,110,1800,0.785,1,False
2024-06-01 05:56:00,192.168.155.206,8.8.4.4,439,7200,0.416,1,False
2024-06-01 05:57:00,192.168.139.252,8.8.8.8,114,600,0.751,1,False
2024-06-01 05:58:00,192.168.224.41,8.8.8.8,332,7200,0.964,1,False
2024-06-01 05:59:00,192.168.20.221,8.8.4.4,116,3600,0.745,1,False
2024-06-01 06:00:00,192.168.165.128,8.8.4.4,347,3600,0.633,1,False
2024-06-01 06:01:00,192.168.13.46,8.8.4.4,106,86400,0.786,1,False
2024-06-01 06:02:00,192.168.117.10,8.8.4.4,138,86400,0.675,1,False
2024-06-01 06:03:00,192.168.137.20,8.8.4.4,334,30,0.727,1,False
2024-06-01 06:04:00,192.168.89.240,8.8.8.8,210,300,0.965,1,False
2024-06-01 06:05:00,192.168.226.142,8.8.8.8,263,86400,0.632,1,False
2024-06-01 06:06:00,192.168.92.223,8.8.8.8,11,300,0.977,1,False
2024-06-01 06:07:00,192.168.251.46,8.8.8.8,443,600,0.943,1,False
2024-06-01 06:08:00,192.168.240.178,8.8.8.8,400,60,0.517,1,False
2024-06-01 06:09:00,192.168.209.170,8.8.4.4,496,1800,0.442,1,False
2024-06-01 06:10:00,192.168.164.53,8.8.4.4,393,600,0.46,1,False
2024-06-01 06:11:00,192.168.82.168,8.8.4.4,350,300,0.411,1,False
2024-06-01 06:12:00,192.168.210.253,8.8.8.8,5,300,0.457,1,False
2024-06-01 06:13:00,192.168.147.205,8.8.4.4,243,300,0.81,1,False
2024-06-01 06:14:00,192.168.18.232,8.8.8.8,467,3600,0.443,1,False
2024-06-01 06:15:00,192.168.45.161,8.8.4.4,68,60,0.591,1,False
2024-06-01 06:16:00,192.168.129.165,8.8.4.4,332,600,0.907,1,False
2024-06-01 06:17:00,192.168.59.206,8.8.4.4,89,7200,0.414,1,False
2024-06-01 06:18:00,192.168.0.236,8.8.4.4,308,3600,0.889,1,False
2024-06-01 06:19:00,192.168.211.27,8.8.4.4,411,60,0.569,1,False
2024-06-01 06:20:00,192.168.96.185,8.8.4.4,5,86400,0.471,-1,True
2024-06-01 06:21:00,192.168.255.226,8.8.4.4,115,86400,0.818,1,False
2024-06-01 06:22:00,192.168.26.104,8.8.8.8,130,86400,0.777,1,False
2024-06-01 06:23:00,192.168.136.67,8.8.8.8,312,600,0.926,1,False
2024-06-01 06:24:00,192.168.147.224,8.8.8.8,413,300,0.841,1,False
2024-06-01 06:25:00,192.168.248.62,8.8.8.8,483,7200,0.882,1,False
2024-06-01 06:26:00,192.168.14.122,8.8.8.8,157,30,0.569,1,False
2024-06-01 06:27:00,192.168.81.159,8.8.4.4,365,600,0.506,1,False
2024-06-01 06:28:00,192.168.7.208,8.8.4.4,496,30,0.85,1,False
2024-06-01 06:29:00,192.168.47.115,8.8.4.4,364,300,0.884,1,False
2024-06-01 06:30:00,192.168.58.236,8.8.4.4,330,300,0.994,1,False
2024-06-01 06:31:00,192.168.60.78,8.8.4.4,141,300,0.648,1,False
2024-06-01 06:32:00,192.168.255.149,8.8.4.4,217,30,0.623,1,False
2024-06-01 06:33:00,192.168.139.212,8.8.8.8,459,300,0.866,1,False
2024-06-01 06:34:00,192.168.247.241,8.8.8.8,193,30,0.604,1,False
2024-06-01 06:35:00,192.168.124.233,8.8.4.4,437,300,0.958,1,False
2024-06-01 06:36:00,192.168.74.196,8.8.4.4,179,1800,0.915,1,False
2024-06-01 06:37:00,192.168.97.69,8.8.8.8,236,300,0.657,1,False
2024-06-01 06:38:00,192.168.35.141,8.8.8.8,130,7200,0.851,1,False
2024-06-01 06:39:00,192.168.212.174,8.8.8.8,112,30,0.853,1,False
2024-06-01 06:40:00,192.168.136.1,8.8.4.4,239,1800,0.462,1,False
2024-06-01 06:41:00,192.168.144.152,8.8.4.4,155,60,0.942,1,False
2024-06-01 06:42:00,192.168.250.76,8.8.4.4,347,600,0.703,1,False
2024-06-01 06:43:00,192.168.228.247,8.8.4.4,267,86400,0.896,1,False
2024-06-01 06:44:00,192.168.176.170,8.8.8.8,423,86400,0.592,1,False
2024-06-01 06:45:00,192.168.193.233,8.8.8.8,320,86400,0.937,1,False
2024-06-01 06:46:00,192.168.164.96,8.8.8.8,204,300,0.634,1,False
2024-06-01 06:47:00,192.168.122.196,8.8.8.8,300,600,0.407,1,False
2024-06-01 06:48:00,192.168.119.210,8.8.4.4,53,7200,0.943,1,False
2024-06-01 06:49:00,192.168.22.162,8.8.4.4,4,300,0.455,1,False
2024-06-01 06:50:00,192.168.242.195,8.8.4.4,262,300,0.592,1,False
2024-06-01 06:51:00,192.168.197.77,8.8.8.8,340,1800,0.97,1,False
2024-06-01 06:52:00,192.168.253.18,8.8.8.8,495,300,0.97,1,False
2024-06-01 06:53:00,192.168.64.169,8.8.4.4,432,3600,0.744,1,False
2024-06-01 06:54:00,192.168.51.225,8.8.4.4,430,86400,0.779,1,False
2024-06-01 06:55:00,192.168.51.233,8.8.8.8,192,60,0.669,1,False
2024-06-01 06:56:00,192.168.7.73,8.8.4.4,288,600,0.576,1,False
2024-06-01 06:57:00,192.168.209.79,8.8.4.4,332,7200,0.597,1,False
2024-06-01 06:58:00,192.168.38.240,8.8.8.8,305,7200,0.804,1,False
2024-06-01 06:59:00,192.168.135.173,8.8.8.8,312,300,0.851,1,False
2024-06-01 07:00:00,192.168.203.41,8.8.4.4,145,60,0.875,1,False
2024-06-01 07:01:00,192.168.168.194,8.8.4.4,153,30,0.874,1,False
2024-06-01 07:02:00,192.168.162.249,8.8.4.4,351,600,0.455,1,False
2024-06-01 07:03:00,192.168.18.35,8.8.4.4,56,7200,0.697,1,False
2024-06-01 07:04:00,192.168.120.147,8.8.8.8,247,300,0.435,1,False
2024-06-01 07:05:00,192.168.116.46,8.8.8.8,33,60,0.73,1,False
2024-06-01 07:06:00,192.168.222.50,8.8.8.8,173,300,0.665,1,False
2024-06-01 07:07:00,192.168.51.227,8.8.4.4,142,86400,0.933,1,False
2024-06-01 07:08:00,192.168.85.153,8.8.8.8,328,30,0.611,1,False
2024-06-01 07:09:00,192.168.14.23,8.8.8.8,167,60,0.47,1,False
2024-06-01 07:10:00,192.168.166.28,8.8.4.4,442,60,0.486,1,False
2024-06-01 07:11:00,192.168.150.183,8.8.8.8,142,86400,0.857,1,False
2024-06-01 07:12:00,192.168.191.220,8.8.8.8,134,300,0.771,1,False
2024-06-01 07:13:00,192.168.74.125,8.8.8.8,336,30,0.461,1,False
2024-06-01 07:14:00,192.168.210.92,8.8.8.8,365,7200,0.45,1,False
2024-06-01 07:15:00,192.168.87.89,8.8.8.8,488,7200,0.821,1,False
2024-06-01 07:16:00,192.168.40.195,8.8.4.4,457,3600,0.444,1,False
2024-06-01 07:17:00,192.168.123.254,8.8.4.4,334,30,0.893,1,False
2024-06-01 07:18:00,192.168.73.118,8.8.4.4,153,7200,0.824,1,False
2024-06-01 07:19:00,192.168.236.130,8.8.8.8,97,600,0.449,1,False
2024-06-01 07:20:00,192.168.235.130,8.8.8.8,77,86400,0.451,1,False
2024-06-01 07:21:00,192.168.4.238,8.8.4.4,265,7200,0.992,1,False
2024-06-01 07:22:00,192.168.147.80,8.8.8.8,392,3600,0.625,1,False
2024-06-01 07:23:00,192.168.37.226,8.8.4.4,124,60,0.622,1,False
2024-06-01 07:24:00,192.168.176.153,8.8.4.4,461,7200,0.888,1,False
2024-06-01 07:25:00,192.168.217.128,8.8.8.8,30,300,0.968,1,False
2024-06-01 07:26:00,192.168.233.154,8.8.4.4,413,1800,0.992,1,False
2024-06-01 07:27:00,192.168.101.196,8.8.8.8,439,86400,0.852,1,False
2024-06-01 07:28:00,192.168.247.54,8.8.4.4,411,600,0.626,1,False
2024-06-01 07:29:00,192.168.121.195,8.8.8.8,415,60,0.45,1,False
2024-06-01 07:30:00,192.168.183.151,8.8.4.4,308,1800,0.866,1,False
2024-06-01 07:31:00,192.168.151.11,8.8.8.8,207,7200,0.735,1,False
2024-06-01 07:32:00,192.168.202.140,8.8.8.8,339,1800,0.655,1,False
2024-06-01 07:33:00,192.168.4.25,8.8.8.8,164,600,0.944,1,False
2024-06-01 07:34:00,192.168.254.146,8.8.8.8,349,30,0.467,1,False
2024-06-01 07:35:00,192.168.117.180,8.8.4.4,72,30,0.696,1,False
2024-06-01 07:36:00,192.168.112.97,8.8.8.8,370,60,0.407,1,False
2024-06-01 07:37:00,192.168.128.70,8.8.8.8,14,30,0.681,1,False
2024-06-01 07:38:00,192.168.49.20,8.8.8.8,336,7200,0.434,1,False
2024-06-01 07:39:00,192.168.158.225,8.8.8.8,255,600,0.471,1,False
2024-06-01 07:40:00,192.168.17.186,8.8.8.8,152,3600,0.471,1,False
2024-06-01 07:41:00,192.168.67.46,8.8.8.8,133,7200,0.79,1,False
2024-06-01 07:42:00,192.168.151.167,8.8.8.8,465,3600,0.848,1,False
2024-06-01 07:43:00,192.168.212.89,8.8.4.4,215,60,0.75,1,False
2024-06-01 07:44:00,192.168.102.67,8.8.8.8,208,300,0.977,1,False
2024-06-01 07:45:00,192.168.187.139,8.8.4.4,199,7200,0.625,1,False
2024-06-01 07:46:00,192.168.84.131,8.8.8.8,378,1800,0.571,1,False
2024-06-01 07:47:00,192.168.246.151,8.8.8.8,19,1800,0.921,1,False
2024-06-01 07:48:00,192.168.173.58,8.8.8.8,299,7200,0.534,1,False
2024-06-01 07:49:00,192.168.239.38,8.8.8.8,363,3600,0.978,1,False
2024-06-01 07:50:00,192.168.72.115,8.8.8.8,293,1800,0.407,1,False
2024-06-01 07:51:00,192.168.203.187,8.8.4.4,418,7200,0.982,1,False
2024-06-01 07:52:00,192.168.46.202,8.8.8.8,98,600,0.426,1,False
2024-06-01 07:53:00,192.168.7.135,8.8.4.4,176,7200,0.935,1,False
2024-06-01 07:54:00,192.168.63.232,8.8.4.4,372,86400,0.717,1,False
2024-06-01 07:55:00,192.168.188.134,8.8.4.4,366,300,0.996,1,False
2024-06-01 07:56:00,192.168.195.190,8.8.8.8,114,3600,0.444,1,False
2024-06-01 07:57:00,192.168.55.119,8.8.8.8,352,86400,0.732,1,False
2024-06-01 07:58:00,192.168.241.12,8.8.4.4,274,1800,0.982,1,False
2024-06-01 07:59:00,192.168.167.113,8.8.4.4,327,1800,0.714,1,False
2024-06-01 08:00:00,192.168.32.237,8.8.4.4,402,3600,0.778,1,False
2024-06-01 08:01:00,192.168.154.209,8.8.4.4,244,7200,0.817,1,False
2024-06-01 08:02:00,192.168.59.71,8.8.8.8,465,300,0.673,1,False
2024-06-01 08:03:00,192.168.23.19,8.8.4.4,482,60,0.777,1,False
2024-06-01 08:04:00,192.168.155.252,8.8.4.4,344,600,0.751,1,False
2024-06-01 08:05:00,192.168.59.49,8.8.8.8,184,86400,0.941,1,False
2024-06-01 08:06:00,192.168.120.69,8.8.8.8,260,300,0.427,1,False
2024-06-01 08:07:00,192.168.198.232,8.8.4.4,154,60,0.569,1,False
2024-06-01 08:08:00,192.168.189.214,8.8.4.4,433,600,0.97,1,False
2024-06-01 08:09:00,192.168.79.212,8.8.8.8,88,7200,0.934,1,False
2024-06-01 08:10:00,192.168.50.250,8.8.8.8,431,3600,0.673,1,False
2024-06-01 08:11:00,192.168.208.143,8.8.4.4,337,30,0.772,1,False
2024-06-01 08:12:00,192.168.16.189,8.8.8.8,449,300,0.566,1,False
2024-06-01 08:13:00,192.168.111.227,8.8.8.8,286,7200,0.513,1,False
2024-06-01 08:14:00,192.168.227.120,8.8.8.8,93,30,0.678,1,False
2024-06-01 08:15:00,192.168.185.50,8.8.4.4,151,60,0.612,1,False
2024-06-01 08:16:00,192.168.188.183,8.8.4.4,50,300,0.75,1,False
2024-06-01 08:17:00,192.168.31.203,8.8.8.8,242,86400,0.447,1,False
2024-06-01 08:18:00,192.168.141.97,8.8.8.8,66,7200,0.985,1,False
2024-06-01 08:19:00,192.168.62.232,8.8.8.8,380,60,0.992,1,False
2024-06-01 08:20:00,192.168.46.108,8.8.4.4,133,60,0.819,1,False
2024-06-01 08:21:00,192.168.10.25,8.8.8.8,372,1800,0.722,1,False
2024-06-01 08:22:00,192.168.170.124,8.8.8.8,414,600,0.586,1,False
2024-06-01 08:23:00,192.168.64.105,8.8.8.8,287,3600,0.888,1,False
2024-06-01 08:24:00,192.168.35.106,8.8.8.8,391,60,0.811,1,False
2024-06-01 08:25:00,192.168.110.119,8.8.8.8,468,30,0.498,1,False
2024-06-01 08:26:00,192.168.168.75,8.8.4.4,94,7200,0.947,1,False
2024-06-01 08:27:00,192.168.1.141,8.8.8.8,485,7200,0.894,1,False
2024-06-01 08:28:00,192.168.74.66,8.8.8.8,349,1800,0.97,1,False
2024-06-01 08:29:00,192.168.128.89,8.8.4.4,461,30,0.835,1,False
2024-06-01 08:30:00,192.168.56.13,8.8.4.4,172,300,0.768,1,False
2024-06-01 08:31:00,192.168.67.7,8.8.4.4,336,86400,0.651,1,False
2024-06-01 08:32:00,192.168.183.121,8.8.8.8,46,86400,0.96,1,False
2024-06-01 08:33:00,192.168.165.8,8.8.4.4,114,30,0.92,1,False
2024-06-01 08:34:00,192.168.89.135,8.8.8.8,182,600,0.427,1,False
2024-06-01 08:35:00,192.168.26.64,8.8.8.8,115,1800,0.416,1,False
2024-06-01 08:36:00,192.168.215.58,8.8.8.8,382,600,0.626,1,False
2024-06-01 08:37:00,192.168.32.243,8.8.8.8,447,30,0.886,1,False
2024-06-01 08:38:00,192.168.229.185,8.8.4.4,158,600,0.992,1,False
2024-06-01 08:39:00,192.168.55.231,8.8.8.8,216,300,0.49,1,False
2024-06-01 08:40:00,192.168.113.22,8.8.8.8,404,30,0.756,1,False
2024-06-01 08:41:00,192.168.154.234,8.8.4.4,455,3600,0.629,1,False
2024-06-01 08:42:00,192.168.15.31,8.8.8.8,170,600,0.982,1,False
2024-06-01 08:43:00,192.168.245.205,8.8.4.4,191,30,0.905,1,False
2024-06-01 08:44:00,192.168.218.55,8.8.4.4,134,300,0.903,1,False
2024-06-01 08:45:00,192.168.251.227,8.8.8.8,300,60,0.681,1,False
2024-06-01 08:46:00,192.168.37.41,8.8.4.4,151,1800,0.649,1,False
2024-06-01 08:47:00,192.168.164.75,8.8.8.8,238,7200,0.564,1,False
2024-06-01 08:48:00,192.168.33.64,8.8.8.8,436,3600,0.434,1,False
2024-06-01 08:49:00,192.168.140.166,8.8.8.8,61,7200,0.919,1,False
2024-06-01 08:50:00,192.168.195.150,8.8.4.4,241,7200,0.888,1,False
2024-06-01 08:51:00,192.168.232.220,8.8.8.8,28,600,1.0,1,False
2024-06-01 08:52:00,192.168.50.58,8.8.8.8,444,30,0.998,1,False
2024-06-01 08:53:00,192.168.110.220,8.8.4.4,325,60,0.733,1,False
2024-06-01 08:54:00,192.168.231.116,8.8.4.4,299,60,0.861,1,False
2024-06-01 08:55:00,192.168.211.173,8.8.4.4,298,1800,0.967,1,False
2024-06-01 08:56:00,192.168.232.204,8.8.8.8,484,3600,0.91,1,False
2024-06-01 08:57:00,192.168.212.48,8.8.8.8,318,3600,0.548,1,False
2024-06-01 08:58:00,192.168.160.218,8.8.4.4,37,1800,0.67,1,False
2024-06-01 08:59:00,192.168.160.130,8.8.8.8,242,600,0.477,1,False
2024-06-01 09:00:00,192.168.191.78,8.8.8.8,456,600,0.972,1,False
2024-06-01 09:01:00,192.168.242.34,8.8.8.8,100,86400,0.764,1,False
2024-06-01 09:02:00,192.168.46.43,8.8.4.4,257,7200,0.537,1,False
2024-06-01 09:03:00,192.168.47.221,8.8.4.4,62,30,0.803,1,False
2024-06-01 09:04:00,192.168.49.190,8.8.4.4,445,1800,0.771,1,False
2024-06-01 09:05:00,192.168.66.30,8.8.4.4,349,300,0.615,1,False
2024-06-01 09:06:00,192.168.168.62,8.8.4.4,196,7200,0.468,1,False
2024-06-01 09:07:00,192.168.210.181,8.8.8.8,272,60,0.803,1,False
2024-06-01 09:08:00,192.168.216.26,8.8.8.8,153,60,0.712,1,False
2024-06-01 09:09:00,192.168.147.159,8.8.4.4,212,1800,0.863,1,False
2024-06-01 09:10:00,192.168.180.53,8.8.4.4,28,3600,0.712,1,False
2024-06-01 09:11:00,192.168.108.79,8.8.4.4,446,60,0.911,1,False
2024-06-01 09:12:00,192.168.246.114,8.8.4.4,438,1800,0.731,1,False
2024-06-01 09:13:00,192.168.55.179,8.8.8.8,78,1800,0.737,1,False
2024-06-01 09:14:00,192.168.188.58,8.8.8.8,71,86400,0.926,1,False
2024-06-01 09:15:00,192.168.142.115,8.8.4.4,103,7200,0.642,1,False
2024-06-01 09:16:00,192.168.219.13,8.8.4.4,176,86400,0.48,1,False
2024-06-01 09:17:00,192.168.136.14,8.8.4.4,210,600,0.417,1,False
2024-06-01 09:18:00,192.168.92.139,8.8.8.8,292,3600,0.853,1,False
2024-06-01 09:19:00,192.168.158.173,8.8.4.4,458,86400,0.772,1,False
2024-06-01 09:20:00,192.168.179.3,8.8.4.4,465,86400,0.822,1,False
2024-06-01 09:21:00,192.168.92.73,8.8.4.4,235,30,0.528,1,False
2024-06-01 09:22:00,192.168.205.35,8.8.4.4,74,86400,0.482,1,False
2024-06-01 09:23:00,192.168.72.15,8.8.8.8,162,60,0.409,1,False
2024-06-01 09:24:00,192.168.46.110,8.8.8.8,442,1800,0.61,1,False
2024-06-01 09:25:00,192.168.192.214,8.8.8.8,367,60,0.754,1,False
2024-06-01 09:26:00,192.168.232.174,8.8.8.8,93,7200,0.635,1,False
2024-06-01 09:27:00,192.168.80.189,8.8.4.4,399,600,0.662,1,False
2024-06-01 09:28:00,192.168.159.166,8.8.8.8,42,600,0.942,1,False
2024-06-01 09:29:00,192.168.43.26,8.8.8.8,250,3600,0.609,1,False
2024-06-01 09:30:00,192.168.79.80,8.8.4.4,171,7200,0.708,1,False
2024-06-01 09:31:00,192.168.25.41,8.8.4.4,324,3600,0.87,1,False
2024-06-01 09:32:00,192.168.139.226,8.8.4.4,91,30,0.638,1,False
2024-06-01 09:33:00,192.168.217.248,8.8.8.8,161,1800,0.773,1,False
2024-06-01 09:34:00,192.168.226.212,8.8.8.8,325,600,0.917,1,False
2024-06-01 09:35:00,192.168.139.110,8.8.8.8,30,1800,0.97,1,False
2024-06-01 09:36:00,192.168.58.176,8.8.4.4,3,60,0.488,1,False
2024-06-01 09:37:00,192.168.220.56,8.8.4.4,232,7200,0.956,1,False
2024-06-01 09:38:00,192.168.145.249,8.8.8.8,141,3600,0.695,1,False
2024-06-01 09:39:00,192.168.157.23,8.8.4.4,108,60,0.555,1,False
2024-06-01 09:40:00,192.168.112.202,8.8.4.4,390,300,0.675,1,False
2024-06-01 09:41:00,192.168.28.3,8.8.8.8,397,86400,0.988,1,False
2024-06-01 09:42:00,192.168.104.154,8.8.4.4,87,3600,0.696,1,False
2024-06-01 09:43:00,192.168.108.70,8.8.4.4,296,3600,0.597,1,False
2024-06-01 09:44:00,192.168.130.148,8.8.8.8,392,600,0.78,1,False
2024-06-01 09:45:00,192.168.167.61,8.8.4.4,82,1800,0.544,1,False
2024-06-01 09:46:00,192.168.3.254,8.8.8.8,251,300,0.446,1,False
2024-06-01 09:47:00,192.168.220.89,8.8.4.4,403,600,0.477,1,False
2024-06-01 09:48:00,192.168.66.194,8.8.8.8,391,86400,0.477,1,False
2024-06-01 09:49:00,192.168.117.181,8.8.8.8,400,600,0.491,1,False
2024-06-01 09:50:00,192.168.36.203,8.8.4.4,46,600,0.483,1,False
2024-06-01 09:51:00,192.168.21.223,8.8.8.8,67,600,0.785,1,False
2024-06-01 09:52:00,192.168.9.235,8.8.4.4,315,1800,0.509,1,False
2024-06-01 09:53:00,192.168.39.160,8.8.8.8,223,600,0.607,1,False
2024-06-01 09:54:00,192.168.219.207,8.8.8.8,325,600,0.938,1,False
2024-06-01 09:55:00,192.168.213.148,8.8.4.4,220,600,0.684,1,False
2024-06-01 09:56:00,192.168.58.207,8.8.8.8,207,600,0.801,1,False
2024-06-01 09:57:00,192.168.10.166,8.8.4.4,220,3600,0.503,1,False
2024-06-01 09:58:00,192.168.87.235,8.8.4.4,495,300,0.515,1,False
2024-06-01 09:59:00,192.168.185.45,8.8.8.8,245,60,0.425,1,False
2024-06-01 10:00:00,192.168.223.54,8.8.8.8,197,60,0.501,1,False
2024-06-01 10:01:00,192.168.124.223,8.8.8.8,3,60,0.567,1,False
2024-06-01 10:02:00,192.168.205.40,8.8.4.4,20,86400,0.506,1,False
2024-06-01 10:03:00,192.168.202.158,8.8.4.4,274,30,0.453,1,False
2024-06-01 10:04:00,192.168.173.113,8.8.4.4,103,30,0.472,1,False
2024-06-01 10:05:00,192.168.170.86,8.8.8.8,375,86400,0.676,1,False
2024-06-01 10:06:00,192.168.39.58,8.8.4.4,192,3600,0.524,1,False
2024-06-01 10:07:00,192.168.99.178,8.8.8.8,487,3600,0.619,1,False
2024-06-01 10:08:00,192.168.179.75,8.8.4.4,8,86400,0.702,1,False
2024-06-01 10:09:00,192.168.120.52,8.8.4.4,457,1800,0.814,1,False
2024-06-01 10:10:00,192.168.74.131,8.8.4.4,165,86400,0.424,1,False
2024-06-01 10:11:00,192.168.101.88,8.8.4.4,388,300,0.88,1,False
2024-06-01 10:12:00,192.168.78.38,8.8.8.8,427,1800,0.777,1,False
2024-06-01 10:13:00,192.168.90.252,8.8.4.4,272,7200,0.449,1,False
2024-06-01 10:14:00,192.168.237.229,8.8.8.8,98,600,0.924,1,False
2024-06-01 10:15:00,192.168.165.161,8.8.4.4,10,300,0.953,1,False
2024-06-01 10:16:00,192.168.77.225,8.8.4.4,347,30,0.437,1,False
2024-06-01 10:17:00,192.168.34.240,8.8.8.8,3,7200,0.566,1,False
2024-06-01 10:18:00,192.168.226.155,8.8.4.4,321,86400,0.884,1,False
2024-06-01 10:19:00,192.168.140.28,8.8.8.8,376,30,0.849,1,False
2024-06-01 10:20:00,192.168.180.37,8.8.4.4,128,3600,0.511,1,False
2024-06-01 10:21:00,192.168.158.236,8.8.4.4,116,7200,0.526,1,False
2024-06-01 10:22:00,192.168.231.19,8.8.8.8,356,300,0.622,1,False
2024-06-01 10:23:00,192.168.29.188,8.8.8.8,450,86400,0.691,1,False
2024-06-01 10:24:00,192.168.146.39,8.8.4.4,177,60,0.771,1,False
2024-06-01 10:25:00,192.168.46.196,8.8.4.4,160,86400,0.621,1,False
2024-06-01 10:26:00,192.168.236.21,8.8.8.8,67,3600,0.678,1,False
2024-06-01 10:27:00,192.168.230.96,8.8.8.8,53,30,0.848,1,False
2024-06-01 10:28:00,192.168.164.243,8.8.4.4,197,30,0.422,1,False
2024-06-01 10:29:00,192.168.77.31,8.8.4.4,258,600,0.551,1,False
2024-06-01 10:30:00,192.168.230.52,8.8.8.8,302,7200,0.828,1,False
2024-06-01 10:31:00,192.168.175.43,8.8.8.8,157,60,0.937,1,False
2024-06-01 10:32:00,192.168.88.20,8.8.4.4,86,3600,0.707,1,False
2024-06-01 10:33:00,192.168.126.224,8.8.4.4,34,3600,0.719,1,False
2024-06-01 10:34:00,192.168.224.81,8.8.4.4,422,1800,0.464,1,False
2024-06-01 10:35:00,192.168.186.190,8.8.8.8,24,300,0.668,1,False
2024-06-01 10:36:00,192.168.144.198,8.8.8.8,153,1800,0.72,1,False
2024-06-01 10:37:00,192.168.209.173,8.8.4.4,486,600,0.545,1,False
2024-06-01 10:38:00,192.168.26.171,8.8.4.4,149,1800,0.562,1,False
2024-06-01 10:39:00,192.168.33.168,8.8.8.8,234,86400,0.626,1,False
2024-06-01 10:40:00,192.168.48.197,8.8.8.8,373,3600,0.412,1,False
2024-06-01 10:41:00,192.168.145.129,8.8.8.8,267,3600,0.593,1,False
2024-06-01 10:42:00,192.168.76.170,8.8.8.8,306,300,0.527,1,False
2024-06-01 10:43:00,192.168.41.72,8.8.4.4,269,86400,0.596,1,False
2024-06-01 10:44:00,192.168.179.158,8.8.4.4,173,7200,0.472,1,False
2024-06-01 10:45:00,192.168.200.66,8.8.8.8,223,600,0.934,1,False
2024-06-01 10:46:00,192.168.43.158,8.8.4.4,455,7200,0.756,1,False
2024-06-01 10:47:00,192.168.192.168,8.8.4.4,352,3600,0.807,1,False
2024-06-01 10:48:00,192.168.65.47,8.8.8.8,69,3600,0.874,1,False
2024-06-01 10:49:00,192.168.216.185,8.8.4.4,176,7200,0.699,1,False
2024-06-01 10:50:00,192.168.9.185,8.8.8.8,462,1800,0.452,1,False
2024-06-01 10:51:00,192.168.158.92,8.8.4.4,251,86400,0.722,1,False
2024-06-01 10:52:00,192.168.109.174,8.8.8.8,184,300,0.752,1,False
2024-06-01 10:53:00,192.168.248.98,8.8.8.8,385,300,0.847,1,False
2024-06-01 10:54:00,192.168.115.70,8.8.4.4,97,600,0.659,1,False
2024-06-01 10:55:00,192.168.79.39,8.8.4.4,85,60,0.477,1,False
2024-06-01 10:56:00,192.168.151.51,8.8.4.4,486,1800,0.57,1,False
2024-06-01 10:57:00,192.168.19.172,8.8.4.4,465,600,0.618,1,False
2024-06-01 10:58:00,192.168.67.192,8.8.4.4,471,7200,0.788,1,False
2024-06-01 10:59:00,192.168.78.83,8.8.4.4,416,7200,0.742,1,False
2024-06-01 11:00:00,192.168.92.84,8.8.8.8,207,600,0.614,1,False
2024-06-01 11:01:00,192.168.224.22,8.8.8.8,10,300,0.992,1,False
2024-06-01 11:02:00,192.168.210.186,8.8.4.4,117,300,0.763,1,False
2024-06-01 11:03:00,192.168.121.227,8.8.4.4,115,86400,0.542,1,False
2024-06-01 11:04:00,192.168.145.229,8.8.8.8,373,30,0.461,1,False
2024-06-01 11:05:00,192.168.119.122,8.8.8.8,68,300,0.492,1,False
2024-06-01 11:06:00,192.168.158.240,8.8.8.8,109,7200,0.548,1,False
2024-06-01 11:07:00,192.168.99.188,8.8.4.4,376,86400,0.496,1,False
2024-06-01 11:08:00,192.168.225.236,8.8.8.8,12,300,0.512,1,False
2024-06-01 11:09:00,192.168.144.195,8.8.4.4,302,3600,0.571,1,False
2024-06-01 11:10:00,192.168.214.82,8.8.4.4,259,86400,0.504,1,False
2024-06-01 11:11:00,192.168.102.70,8.8.8.8,87,1800,0.938,1,False
2024-06-01 11:12:00,192.168.128.26,8.8.4.4,64,1800,0.448,1,False
2024-06-01 11:13:00,192.168.246.190,8.8.8.8,188,30,0.715,1,False
2024-06-01 11:14:00,192.168.52.63,8.8.8.8,365,7200,0.646,1,False
2024-06-01 11:15:00,192.168.145.42,8.8.4.4,334,60,0.989,1,False
2024-06-01 11:16:00,192.168.82.139,8.8.8.8,406,300,0.467,1,False
2024-06-01 11:17:00,192.168.230.75,8.8.4.4,20,30,0.639,1,False
2024-06-01 11:18:00,192.168.223.46,8.8.8.8,193,600,0.982,1,False
2024-06-01 11:19:00,192.168.113.230,8.8.4.4,449,1800,0.919,1,False
2024-06-01 11:20:00,192.168.178.13,8.8.4.4,328,86400,0.89,1,False
2024-06-01 11:21:00,192.168.212.27,8.8.8.8,131,60,0.555,1,False
2024-06-01 11:22:00,192.168.202.191,8.8.8.8,395,86400,0.503,1,False
2024-06-01 11:23:00,192.168.120.197,8.8.8.8,274,3600,0.801,1,False
2024-06-01 11:24:00,192.168.41.191,8.8.4.4,320,1800,0.958,1,False
2024-06-01 11:25:00,192.168.114.14,8.8.8.8,25,3600,0.734,1,False
2024-06-01 11:26:00,192.168.163.50,8.8.4.4,305,3600,0.743,1,False
2024-06-01 11:27:00,192.168.171.74,8.8.8.8,25,1800,0.568,1,False
2024-06-01 11:28:00,192.168.70.19,8.8.4.4,339,3600,0.862,1,False
2024-06-01 11:29:00,192.168.146.241,8.8.4.4,56,30,0.512,1,False
2024-06-01 11:30:00,192.168.71.240,8.8.4.4,335,7200,0.594,1,False
2024-06-01 11:31:00,192.168.229.2,8.8.8.8,429,60,0.655,1,False
2024-06-01 11:32:00,192.168.40.9,8.8.4.4,11,3600,0.705,1,False
2024-06-01 11:33:00,192.168.131.110,8.8.8.8,25,600,0.545,1,False
2024-06-01 11:34:00,192.168.76.216,8.8.4.4,354,300,0.469,1,False
2024-06-01 11:35:00,192.168.56.147,8.8.8.8,60,1800,0.766,1,False
2024-06-01 11:36:00,192.168.121.154,8.8.8.8,214,3600,0.573,1,False
2024-06-01 11:37:00,192.168.62.24,8.8.8.8,228,3600,0.749,1,False
2024-06-01 11:38:00,192.168.122.214,8.8.4.4,195,86400,0.493,1,False
2024-06-01 11:39:00,192.168.234.32,8.8.4.4,64,86400,0.689,1,False
2024-06-01 11:40:00,192.168.56.255,8.8.8.8,281,60,0.72,1,False
2024-06-01 11:41:00,192.168.8.123,8.8.4.4,130,7200,0.431,1,False
2024-06-01 11:42:00,192.168.73.149,8.8.8.8,243,1800,0.602,1,False
2024-06-01 11:43:00,192.168.219.0,8.8.8.8,360,86400,0.481,1,False
2024-06-01 11:44:00,192.168.180.123,8.8.4.4,79,300,0.438,1,False
2024-06-01 11:45:00,192.168.213.95,8.8.8.8,106,300,0.994,1,False
2024-06-01 11:46:00,192.168.43.184,8.8.4.4,356,3600,0.593,1,False
2024-06-01 11:47:00,192.168.34.10,8.8.4.4,352,7200,0.886,1,False
2024-06-01 11:48:00,192.168.199.240,8.8.8.8,323,7200,0.553,1,False
2024-06-01 11:49:00,192.168.22.198,8.8.4.4,5,60,0.809,1,False
2024-06-01 11:50:00,192.168.191.129,8.8.4.4,155,60,0.856,1,False
2024-06-01 11:51:00,192.168.8.182,8.8.8.8,216,300,0.757,1,False
2024-06-01 11:52:00,192.168.34.176,8.8.8.8,339,3600,0.683,1,False
2024-06-01 11:53:00,192.168.123.53,8.8.8.8,52,600,0.647,1,False
2024-06-01 11:54:00,192.168.170.68,8.8.4.4,340,3600,0.609,1,False
2024-06-01 11:55:00,192.168.22.180,8.8.4.4,267,3600,0.958,1,False
2024-06-01 11:56:00,192.168.173.89,8.8.4.4,139,1800,0.898,1,False
2024-06-01 11:57:00,192.168.237.245,8.8.4.4,319,1800,0.979,1,False
2024-06-01 11:58:00,192.168.93.69,8.8.4.4,311,7200,0.475,1,False
2024-06-01 11:59:00,192.168.32.234,8.8.8.8,359,1800,0.839,1,False
2024-06-01 12:00:00,192.168.18.150,8.8.8.8,71,86400,0.963,1,False
2024-06-01 12:01:00,192.168.103.22,8.8.4.4,215,3600,0.509,1,False
2024-06-01 12:02:00,192.168.102.21,8.8.4.4,426,86400,0.44,1,False
2024-06-01 12:03:00,192.168.161.158,8.8.8.8,461,7200,0.845,1,False
2024-06-01 12:04:00,192.168.203.242,8.8.8.8,54,300,0.745,1,False
2024-06-01 12:05:00,192.168.129.18,8.8.8.8,262,300,0.905,1,False
2024-06-01 12:06:00,192.168.97.146,8.8.8.8,369,30,0.484,1,False
2024-06-01 12:07:00,192.168.182.24,8.8.8.8,317,300,0.877,1,False
2024-06-01 12:08:00,192.168.169.139,8.8.8.8,61,600,0.521,1,False
2024-06-01 12:09:00,192.168.63.188,8.8.4.4,145,1800,0.498,1,False
2024-06-01 12:10:00,192.168.223.204,8.8.8.8,59,60,0.499,1,False
2024-06-01 12:11:00,192.168.225.197,8.8.4.4,402,600,0.889,1,False
2024-06-01 12:12:00,192.168.173.95,8.8.8.8,55,300,0.799,1,False
2024-06-01 12:13:00,192.168.254.254,8.8.8.8,255,7200,0.714,1,False
2024-06-01 12:14:00,192.168.188.136,8.8.8.8,102,60,0.615,1,False
2024-06-01 12:15:00,192.168.42.217,8.8.4.4,312,60,0.926,1,False
2024-06-01 12:16:00,192.168.40.220,8.8.4.4,103,60,0.635,1,False
2024-06-01 12:17:00,192.168.92.150,8.8.8.8,399,86400,0.89,1,False
2024-06-01 12:18:00,192.168.164.52,8.8.4.4,135,30,0.663,1,False
2024-06-01 12:19:00,192.168.40.167,8.8.8.8,426,30,0.626,1,False
2024-06-01 12:20:00,192.168.151.156,8.8.4.4,268,7200,0.678,1,False
2024-06-01 12:21:00,192.168.228.218,8.8.4.4,499,60,0.581,1,False
2024-06-01 12:22:00,192.168.85.227,8.8.8.8,104,60,0.849,1,False
2024-06-01 12:23:00,192.168.179.228,8.8.4.4,184,1800,0.702,1,False
2024-06-01 12:24:00,192.168.21.180,8.8.8.8,361,300,0.539,1,False
2024-06-01 12:25:00,192.168.222.140,8.8.8.8,210,60,0.94,1,False
2024-06-01 12:26:00,192.168.29.38,8.8.4.4,152,7200,0.63,1,False
2024-06-01 12:27:00,192.168.207.186,8.8.4.4,83,1800,0.726,1,False
2024-06-01 12:28:00,192.168.81.15,8.8.4.4,21,600,0.944,1,False
2024-06-01 12:29:00,192.168.73.224,8.8.4.4,281,600,0.775,1,False
2024-06-01 12:30:00,192.168.17.64,8.8.8.8,255,1800,0.47,1,False
2024-06-01 12:31:00,192.168.34.120,8.8.4.4,467,86400,0.964,-1,True
2024-06-01 12:32:00,192.168.187.185,8.8.8.8,107,300,0.777,1,False
2024-06-01 12:33:00,192.168.196.16,8.8.4.4,353,300,0.601,1,False
2024-06-01 12:34:00,192.168.78.230,8.8.8.8,478,300,0.484,1,False
2024-06-01 12:35:00,192.168.189.190,8.8.8.8,247,30,0.876,1,False
2024-06-01 12:36:00,192.168.227.39,8.8.8.8,170,30,0.772,1,False
2024-06-01 12:37:00,192.168.70.187,8.8.8.8,121,3600,0.72,1,False
2024-06-01 12:38:00,192.168.203.160,8.8.4.4,2,3600,0.936,1,False
2024-06-01 12:39:00,192.168.142.127,8.8.8.8,7,86400,0.873,-1,True
2024-06-01 12:40:00,192.168.58.13,8.8.4.4,344,86400,0.491,1,False
2024-06-01 12:41:00,192.168.95.255,8.8.8.8,46,1800,0.587,1,False
2024-06-01 12:42:00,192.168.198.60,8.8.4.4,465,86400,0.549,1,False
2024-06-01 12:43:00,192.168.134.133,8.8.4.4,57,300,0.846,1,False
2024-06-01 12:44:00,192.168.228.109,8.8.8.8,428,300,0.42,1,False
2024-06-01 12:45:00,192.168.146.251,8.8.8.8,294,86400,0.742,1,False
2024-06-01 12:46:00,192.168.102.62,8.8.4.4,343,7200,0.857,1,False
2024-06-01 12:47:00,192.168.69.37,8.8.8.8,253,1800,0.926,1,False
2024-06-01 12:48:00,192.168.231.88,8.8.4.4,77,3600,0.605,1,False
2024-06-01 12:49:00,192.168.227.44,8.8.4.4,487,86400,0.893,1,False
2024-06-01 12:50:00,192.168.163.177,8.8.4.4,47,600,0.466,1,False
2024-06-01 12:51:00,192.168.33.148,8.8.8.8,400,60,0.908,1,False
2024-06-01 12:52:00,192.168.153.80,8.8.4.4,262,86400,0.476,1,False
2024-06-01 12:53:00,192.168.89.185,8.8.8.8,39,1800,0.638,1,False
2024-06-01 12:54:00,192.168.114.62,8.8.4.4,371,3600,0.878,1,False
2024-06-01 12:55:00,192.168.102.71,8.8.4.4,371,7200,0.49,1,False
2024-06-01 12:56:00,192.168.121.252,8.8.4.4,52,1800,0.538,1,False
2024-06-01 12:57:00,192.168.13.184,8.8.4.4,464,300,0.833,1,False
2024-06-01 12:58:00,192.168.188.239,8.8.4.4,132,1800,0.832,1,False
2024-06-01 12:59:00,192.168.66.44,8.8.4.4,330,30,0.785,1,False
2024-06-01 13:00:00,192.168.33.158,8.8.8.8,119,30,0.816,1,False
2024-06-01 13:01:00,192.168.203.245,8.8.4.4,234,300,0.726,1,False
2024-06-01 13:02:00,192.168.210.209,8.8.4.4,152,3600,0.551,1,False
2024-06-01 13:03:00,192.168.37.64,8.8.8.8,136,1800,0.607,1,False
2024-06-01 13:04:00,192.168.162.37,8.8.4.4,238,86400,0.509,1,False
2024-06-01 13:05:00,192.168.230.238,8.8.8.8,26,30,0.945,1,False
2024-06-01 13:06:00,192.168.176.65,8.8.4.4,52,86400,0.75,1,False
2024-06-01 13:07:00,192.168.93.66,8.8.8.8,417,86400,0.641,1,False
2024-06-01 13:08:00,192.168.221.28,8.8.8.8,90,1800,0.677,1,False
2024-06-01 13:09:00,192.168.63.78,8.8.4.4,448,30,0.968,1,False
2024-06-01 13:10:00,192.168.155.84,8.8.8.8,21,7200,0.492,1,False
2024-06-01 13:11:00,192.168.82.165,8.8.4.4,437,1800,0.752,1,False
2024-06-01 13:12:00,192.168.115.177,8.8.8.8,149,600,0.704,1,False
2024-06-01 13:13:00,192.168.145.40,8.8.8.8,185,30,0.767,1,False
2024-06-01 13:14:00,192.168.128.100,8.8.4.4,411,3600,0.411,1,False
2024-06-01 13:15:00,192.168.140.64,8.8.4.4,347,600,0.923,1,False
2024-06-01 13:16:00,192.168.155.47,8.8.4.4,161,7200,0.959,1,False
2024-06-01 13:17:00,192.168.86.78,8.8.8.8,219,7200,0.739,1,False
2024-06-01 13:18:00,192.168.87.172,8.8.4.4,379,7200,0.818,1,False
2024-06-01 13:19:00,192.168.21.14,8.8.8.8,60,600,0.953,1,False
2024-06-01 13:20:00,192.168.41.23,8.8.8.8,49,300,0.824,1,False
2024-06-01 13:21:00,192.168.135.107,8.8.8.8,436,7200,0.492,1,False
2024-06-01 13:22:00,192.168.213.15,8.8.8.8,389,7200,0.746,1,False
2024-06-01 13:23:00,192.168.254.148,8.8.4.4,456,600,0.764,1,False
2024-06-01 13:24:00,192.168.154.247,8.8.4.4,24,1800,0.654,1,False
2024-06-01 13:25:00,192.168.125.207,8.8.8.8,5,60,0.842,1,False
2024-06-01 13:26:00,192.168.152.232,8.8.4.4,437,7200,0.961,1,False
2024-06-01 13:27:00,192.168.37.30,8.8.4.4,71,600,0.955,1,False
2024-06-01 13:28:00,192.168.80.225,8.8.8.8,340,1800,0.671,1,False
2024-06-01 13:29:00,192.168.212.247,8.8.4.4,332,1800,0.468,1,False
2024-06-01 13:30:00,192.168.237.104,8.8.4.4,88,1800,0.991,1,False
2024-06-01 13:31:00,192.168.174.73,8.8.4.4,169,7200,0.903,1,False
2024-06-01 13:32:00,192.168.160.163,8.8.8.8,184,600,0.475,1,False
2024-06-01 13:33:00,192.168.176.204,8.8.8.8,458,60,0.953,1,False
2024-06-01 13:34:00,192.168.66.189,8.8.4.4,225,300,0.922,1,False
2024-06-01 13:35:00,192.168.54.163,8.8.8.8,490,300,0.711,1,False
2024-06-01 13:36:00,192.168.123.238,8.8.8.8,319,1800,0.755,1,False
2024-06-01 13:37:00,192.168.62.136,8.8.4.4,138,60,0.639,1,False
2024-06-01 13:38:00,192.168.230.126,8.8.8.8,450,86400,0.433,1,False
2024-06-01 13:39:00,192.168.72.49,8.8.4.4,376,86400,0.601,1,False
2024-06-01 13:40:00,192.168.25.148,8.8.8.8,48,1800,0.882,1,False
2024-06-01 13:41:00,192.168.196.214,8.8.8.8,191,86400,0.403,1,False
2024-06-01 13:42:00,192.168.127.81,8.8.4.4,418,600,0.6,1,False
2024-06-01 13:43:00,192.168.167.160,8.8.8.8,176,3600,0.639,1,False
2024-06-01 13:44:00,192.168.97.81,8.8.8.8,94,30,0.722,1,False
2024-06-01 13:45:00,192.168.255.239,8.8.4.4,59,300,0.952,1,False
2024-06-01 13:46:00,192.168.255.157,8.8.8.8,206,30,0.608,1,False
2024-06-01 13:47:00,192.168.254.11,8.8.4.4,205,30,0.608,1,False
2024-06-01 13:48:00,192.168.46.201,8.8.8.8,493,300,0.843,1,False
2024-06-01 13:49:00,192.168.234.123,8.8.4.4,234,60,0.671,1,False
2024-06-01 13:50:00,192.168.110.180,8.8.8.8,140,1800,0.535,1,False
2024-06-01 13:51:00,192.168.24.25,8.8.4.4,428,1800,0.671,1,False
2024-06-01 13:52:00,192.168.144.253,8.8.4.4,198,300,0.485,1,False
2024-06-01 13:53:00,192.168.240.146,8.8.4.4,354,86400,0.506,1,False
2024-06-01 13:54:00,192.168.4.55,8.8.4.4,436,30,0.699,1,False
2024-06-01 13:55:00,192.168.220.68,8.8.8.8,245,600,0.651,1,False
2024-06-01 13:56:00,192.168.135.187,8.8.4.4,410,60,0.949,1,False
2024-06-01 13:57:00,192.168.206.187,8.8.4.4,216,300,0.617,1,False
2024-06-01 13:58:00,192.168.23.205,8.8.4.4,333,30,0.748,1,False
2024-06-01 13:59:00,192.168.26.99,8.8.8.8,454,86400,0.779,1,False
2024-06-01 14:00:00,192.168.185.147,8.8.8.8,409,600,0.408,1,False
2024-06-01 14:01:00,192.168.37.197,8.8.8.8,86,3600,0.798,1,False
2024-06-01 14:02:00,192.168.230.143,8.8.4.4,58,7200,0.507,1,False
2024-06-01 14:03:00,192.168.60.65,8.8.8.8,68,1800,0.977,1,False
2024-06-01 14:04:00,192.168.49.201,8.8.4.4,357,86400,0.489,1,False
2024-06-01 14:05:00,192.168.191.173,8.8.4.4,372,3600,0.649,1,False
2024-06-01 14:06:00,192.168.187.73,8.8.4.4,31,86400,0.451,1,False
2024-06-01 14:07:00,192.168.101.205,8.8.4.4,483,30,0.998,1,False
2024-06-01 14:08:00,192.168.20.23,8.8.8.8,433,3600,0.701,1,False
2024-06-01 14:09:00,192.168.19.70,8.8.8.8,82,60,0.757,1,False
2024-06-01 14:10:00,192.168.170.242,8.8.4.4,54,300,0.44,1,False
2024-06-01 14:11:00,192.168.233.76,8.8.8.8,214,30,0.85,1,False
2024-06-01 14:12:00,192.168.71.167,8.8.8.8,467,1800,0.526,1,False
2024-06-01 14:13:00,192.168.163.83,8.8.4.4,303,7200,0.939,1,False
2024-06-01 14:14:00,192.168.201.153,8.8.4.4,248,60,0.523,1,False
2024-06-01 14:15:00,192.168.172.250,8.8.8.8,411,86400,0.514,1,False
2024-06-01 14:16:00,192.168.153.243,8.8.4.4,292,300,0.422,1,False
2024-06-01 14:17:00,192.168.8.188,8.8.8.8,348,600,0.683,1,False
2024-06-01 14:18:00,192.168.169.56,8.8.4.4,225,1800,0.739,1,False
2024-06-01 14:19:00,192.168.213.157,8.8.8.8,93,7200,0.439,1,False
2024-06-01 14:20:00,192.168.13.242,8.8.4.4,313,30,0.865,1,False
2024-06-01 14:21:00,192.168.135.116,8.8.4.4,195,60,0.672,1,False
2024-06-01 14:22:00,192.168.26.245,8.8.4.4,399,600,0.715,1,False
2024-06-01 14:23:00,192.168.87.194,8.8.8.8,184,7200,0.664,1,False
2024-06-01 14:24:00,192.168.75.124,8.8.4.4,314,86400,0.64,1,False
2024-06-01 14:25:00,192.168.16.56,8.8.8.8,15,600,0.736,1,False
2024-06-01 14:26:00,192.168.97.9,8.8.4.4,442,30,0.493,1,False
2024-06-01 14:27:00,192.168.225.160,8.8.8.8,351,600,0.509,1,False
2024-06-01 14:28:00,192.168.214.77,8.8.4.4,451,86400,0.917,1,False
2024-06-01 14:29:00,192.168.211.104,8.8.4.4,430,60,0.968,1,False
2024-06-01 14:30:00,192.168.210.241,8.8.8.8,373,600,0.624,1,False
2024-06-01 14:31:00,192.168.31.70,8.8.4.4,499,86400,0.562,-1,True
2024-06-01 14:32:00,192.168.106.166,8.8.4.4,457,7200,0.786,1,False
2024-06-01 14:33:00,192.168.244.192,8.8.4.4,67,1800,0.645,1,False
2024-06-01 14:34:00,192.168.160.88,8.8.4.4,248,3600,0.415,1,False
2024-06-01 14:35:00,192.168.235.175,8.8.8.8,472,300,0.494,1,False
2024-06-01 14:36:00,192.168.181.135,8.8.8.8,250,30,0.83,1,False
2024-06-01 14:37:00,192.168.247.98,8.8.8.8,58,60,0.795,1,False
2024-06-01 14:38:00,192.168.126.142,8.8.8.8,455,1800,0.416,1,False
2024-06-01 14:39:00,192.168.152.115,8.8.8.8,211,86400,0.533,1,False
2024-06-01 14:40:00,192.168.152.147,8.8.8.8,226,1800,0.539,1,False
2024-06-01 14:41:00,192.168.106.250,8.8.8.8,24,600,0.803,1,False
2024-06-01 14:42:00,192.168.162.245,8.8.4.4,33,3600,0.412,1,False
2024-06-01 14:43:00,192.168.178.140,8.8.8.8,134,30,0.462,1,False
2024-06-01 14:44:00,192.168.147.62,8.8.8.8,336,600,0.88,1,False
2024-06-01 14:45:00,192.168.194.202,8.8.4.4,161,60,0.507,1,False
2024-06-01 14:46:00,192.168.176.74,8.8.4.4,7,600,0.792,1,False
2024-06-01 14:47:00,192.168.148.21,8.8.4.4,361,7200,0.543,1,False
2024-06-01 14:48:00,192.168.147.40,8.8.8.8,445,3600,0.46,1,False
2024-06-01 14:49:00,192.168.177.226,8.8.4.4,348,30,0.546,1,False
2024-06-01 14:50:00,192.168.131.245,8.8.8.8,269,300,0.833,1,False
2024-06-01 14:51:00,192.168.109.103,8.8.8.8,393,1800,0.913,1,False
2024-06-01 14:52:00,192.168.138.139,8.8.4.4,381,60,0.898,1,False
2024-06-01 14:53:00,192.168.70.55,8.8.8.8,296,7200,0.638,1,False
2024-06-01 14:54:00,192.168.122.124,8.8.4.4,371,600,0.801,1,False
2024-06-01 14:55:00,192.168.25.115,8.8.8.8,290,30,0.523,1,False
2024-06-01 14:56:00,192.168.119.26,8.8.8.8,115,30,0.576,1,False
2024-06-01 14:57:00,192.168.51.211,8.8.8.8,490,86400,0.938,-1,True
2024-06-01 14:58:00,192.168.169.241,8.8.8.8,343,300,0.408,1,False
2024-06-01 14:59:00,192.168.51.70,8.8.8.8,448,3600,0.451,1,False
2024-06-01 15:00:00,192.168.2.80,8.8.4.4,174,60,0.525,1,False
2024-06-01 15:01:00,192.168.208.243,8.8.4.4,266,600,0.416,1,False
2024-06-01 15:02:00,192.168.244.102,8.8.4.4,268,300,0.509,1,False
2024-06-01 15:03:00,192.168.147.164,8.8.8.8,353,86400,0.75,1,False
2024-06-01 15:04:00,192.168.146.30,8.8.4.4,359,60,0.653,1,False
2024-06-01 15:05:00,192.168.45.118,8.8.4.4,317,3600,0.936,1,False
2024-06-01 15:06:00,192.168.19.89,8.8.4.4,49,30,0.89,1,False
2024-06-01 15:07:00,192.168.213.90,8.8.8.8,222,30,0.605,1,False
2024-06-01 15:08:00,192.168.18.203,8.8.8.8,339,3600,0.556,1,False
2024-06-01 15:09:00,192.168.253.95,8.8.4.4,373,300,0.628,1,False
2024-06-01 15:10:00,192.168.148.19,8.8.4.4,128,60,0.754,1,False
2024-06-01 15:11:00,192.168.4.152,8.8.8.8,247,300,0.561,1,False
2024-06-01 15:12:00,192.168.54.171,8.8.8.8,178,86400,0.774,1,False
2024-06-01 15:13:00,192.168.145.232,8.8.4.4,340,600,0.646,1,False
2024-06-01 15:14:00,192.168.252.68,8.8.4.4,347,3600,0.731,1,False
2024-06-01 15:15:00,192.168.239.139,8.8.8.8,329,3600,0.662,1,False
2024-06-01 15:16:00,192.168.98.57,8.8.4.4,198,86400,0.577,1,False
2024-06-01 15:17:00,192.168.169.83,8.8.4.4,77,600,0.969,1,False
2024-06-01 15:18:00,192.168.234.131,8.8.8.8,430,30,0.858,1,False
2024-06-01 15:19:00,192.168.95.7,8.8.4.4,424,7200,0.484,1,False
2024-06-01 15:20:00,192.168.172.151,8.8.4.4,286,3600,0.921,1,False
2024-06-01 15:21:00,192.168.98.89,8.8.8.8,457,300,0.692,1,False
2024-06-01 15:22:00,192.168.207.218,8.8.8.8,314,1800,0.937,1,False
2024-06-01 15:23:00,192.168.167.44,8.8.8.8,28,30,0.88,1,False
2024-06-01 15:24:00,192.168.205.48,8.8.4.4,6,86400,0.655,1,False
2024-06-01 15:25:00,192.168.94.71,8.8.4.4,330,86400,0.413,1,False
2024-06-01 15:26:00,192.168.244.165,8.8.8.8,479,1800,0.561,1,False
2024-06-01 15:27:00,192.168.127.3,8.8.8.8,81,86400,0.725,1,False
2024-06-01 15:28:00,192.168.133.196,8.8.4.4,259,600,0.78,1,False
2024-06-01 15:29:00,192.168.120.228,8.8.8.8,435,300,0.555,1,False
2024-06-01 15:30:00,192.168.136.168,8.8.4.4,241,3600,0.484,1,False
2024-06-01 15:31:00,192.168.154.5,8.8.4.4,437,3600,0.901,1,False
2024-06-01 15:32:00,192.168.133.184,8.8.8.8,254,86400,0.991,1,False
2024-06-01 15:33:00,192.168.120.31,8.8.8.8,446,1800,0.715,1,False
2024-06-01 15:34:00,192.168.60.238,8.8.8.8,85,300,0.503,1,False
2024-06-01 15:35:00,192.168.157.81,8.8.8.8,39,60,0.563,1,False
2024-06-01 15:36:00,192.168.207.159,8.8.4.4,385,300,0.411,1,False
2024-06-01 15:37:00,192.168.60.151,8.8.8.8,252,86400,0.949,1,False
2024-06-01 15:38:00,192.168.188.113,8.8.8.8,165,1800,0.471,1,False
2024-06-01 15:39:00,192.168.112.68,8.8.4.4,124,1800,0.746,1,False
2024-06-01 15:40:00,192.168.244.78,8.8.8.8,170,3600,0.564,1,False
2024-06-01 15:41:00,192.168.232.191,8.8.4.4,497,86400,0.733,1,False
2024-06-01 15:42:00,192.168.212.241,8.8.4.4,143,30,0.791,1,False
2024-06-01 15:43:00,192.168.111.126,8.8.4.4,26,7200,0.898,1,False
2024-06-01 15:44:00,192.168.41.228,8.8.8.8,260,300,0.524,1,False
2024-06-01 15:45:00,192.168.185.39,8.8.8.8,115,30,0.407,1,False
2024-06-01 15:46:00,192.168.57.31,8.8.8.8,282,3600,0.482,1,False
2024-06-01 15:47:00,192.168.103.76,8.8.8.8,330,600,0.94,1,False
2024-06-01 15:48:00,192.168.84.167,8.8.8.8,194,3600,0.924,1,False
2024-06-01 15:49:00,192.168.226.59,8.8.4.4,207,60,0.758,1,False
2024-06-01 15:50:00,192.168.105.250,8.8.4.4,419,7200,0.76,1,False
2024-06-01 15:51:00,192.168.46.228,8.8.8.8,121,600,0.799,1,False
2024-06-01 15:52:00,192.168.28.232,8.8.8.8,41,86400,0.505,1,False
2024-06-01 15:53:00,192.168.67.212,8.8.8.8,236,300,0.949,1,False
2024-06-01 15:54:00,192.168.233.29,8.8.4.4,228,1800,0.651,1,False
2024-06-01 15:55:00,192.168.236.157,8.8.4.4,411,3600,0.63,1,False
2024-06-01 15:56:00,192.168.11.202,8.8.4.4,294,7200,0.711,1,False
2024-06-01 15:57:00,192.168.130.1,8.8.4.4,230,3600,0.428,1,False
2024-06-01 15:58:00,192.168.111.37,8.8.4.4,46,60,0.5,1,False
2024-06-01 15:59:00,192.168.23.216,8.8.4.4,439,60,0.843,1,False
2024-06-01 16:00:00,192.168.176.32,8.8.8.8,256,60,0.45,1,False
2024-06-01 16:01:00,192.168.30.35,8.8.8.8,229,30,0.762,1,False
2024-06-01 16:02:00,192.168.241.16,8.8.8.8,162,300,0.547,1,False
2024-06-01 16:03:00,192.168.146.209,8.8.8.8,61,300,0.634,1,False
2024-06-01 16:04:00,192.168.92.69,8.8.8.8,255,30,0.573,1,False
2024-06-01 16:05:00,192.168.215.191,8.8.4.4,382,600,0.613,1,False
2024-06-01 16:06:00,192.168.195.229,8.8.4.4,335,60,0.831,1,False
2024-06-01 16:07:00,192.168.193.192,8.8.4.4,10,86400,0.578,-1,True
2024-06-01 16:08:00,192.168.41.68,8.8.8.8,53,600,0.74,1,False
2024-06-01 16:09:00,192.168.178.60,8.8.4.4,207,60,0.686,1,False
2024-06-01 16:10:00,192.168.91.201,8.8.8.8,212,30,0.798,1,False
2024-06-01 16:11:00,192.168.65.114,8.8.8.8,19,7200,0.962,1,False
2024-06-01 16:12:00,192.168.1.11,8.8.4.4,286,86400,0.84,1,False
2024-06-01 16:13:00,192.168.152.237,8.8.4.4,282,1800,0.529,1,False
2024-06-01 16:14:00,192.168.217.194,8.8.4.4,1,30,0.419,1,False
2024-06-01 16:15:00,192.168.117.126,8.8.4.4,423,3600,0.557,1,False
2024-06-01 16:16:00,192.168.235.177,8.8.4.4,47,600,0.757,1,False
2024-06-01 16:17:00,192.168.79.141,8.8.8.8,406,60,0.431,1,False
2024-06-01 16:18:00,192.168.96.57,8.8.4.4,310,30,0.698,1,False
2024-06-01 16:19:00,192.168.16.214,8.8.4.4,494,600,0.758,1,False
2024-06-01 16:20:00,192.168.8.123,8.8.8.8,317,86400,0.601,1,False
2024-06-01 16:21:00,192.168.105.34,8.8.8.8,327,60,0.863,1,False
2024-06-01 16:22:00,192.168.51.17,8.8.8.8,156,86400,0.464,1,False
2024-06-01 16:23:00,192.168.228.24,8.8.8.8,456,30,0.445,1,False
2024-06-01 16:24:00,192.168.125.22,8.8.4.4,261,3600,0.837,1,False
2024-06-01 16:25:00,192.168.205.224,8.8.4.4,288,7200,0.697,1,False
2024-06-01 16:26:00,192.168.119.111,8.8.8.8,106,3600,0.813,1,False
2024-06-01 16:27:00,192.168.28.71,8.8.4.4,336,30,0.661,1,False
2024-06-01 16:28:00,192.168.148.119,8.8.4.4,344,1800,0.548,1,False
2024-06-01 16:29:00,192.168.163.164,8.8.4.4,234,30,0.891,1,False
2024-06-01 16:30:00,192.168.121.154,8.8.4.4,487,60,0.88,1,False
2024-06-01 16:31:00,192.168.73.113,8.8.4.4,175,1800,0.817,1,False
2024-06-01 16:32:00,192.168.211.153,8.8.8.8,187,60,0.563,1,False
2024-06-01 16:33:00,192.168.140.31,8.8.4.4,423,600,0.754,1,False
2024-06-01 16:34:00,192.168.89.218,8.8.4.4,28,60,0.617,1,False
2024-06-01 16:35:00,192.168.253.24,8.8.8.8,419,60,0.455,1,False
2024-06-01 16:36:00,192.168.176.195,8.8.8.8,115,600,0.95,1,False
2024-06-01 16:37:00,192.168.163.213,8.8.4.4,433,7200,0.482,1,False
2024-06-01 16:38:00,192.168.209.76,8.8.8.8,233,600,0.97,1,False
2024-06-01 16:39:00,192.168.153.192,8.8.8.8,170,600,0.668,1,False
